,0,1,2,3,4,5,6,7,8,9,10,11,12,13,14,15,16,17,18,19
0,Abia,Aba North,Ariaria,48319756,01/01/1/1/2/0001,Aba Holy Wounds Hospital,Secondary,Private,7.34134,5.11445,Operational,14,3,2,1,2,2,1,0,0
1,Abia,Aba North,Ariaria,63964073,01/01/1/1/2/0012,Chidima Hospital,Primary,Private,,,Operational,,,,,,,,,
2,Abia,Aba North,Ariaria,26456575,01/01/1/1/2/0025,Euna Hospital,Secondary,Private,7.35312,5.12019,Operational,17,1,1,1,1,0,0,0,0
3,Abia,Aba North,Ariaria,73938255,01/01/1/1/2/0030,Goodness & Mercy hospital,Secondary,Private,7.34552002,5.115905762,Operational,12,2,1,1,0,3,5,,4
4,Abia,Aba North,Ariaria,40844348,01/01/1/1/2/0031,Green Land Hospital,Primary,Private,,,Operational,,,,,,,,,
5,Abia,Aba North,Ariaria,45969224,01/01/1/1/2/0041,Ivory Specialist Hospital Maternity,Secondary,Private,7.340881347,5.113891602,Operational,10,2,4,2,2,0,1,0,3
6,Abia,Aba North,Ariaria,52126396,01/01/1/1/2/0044,Land Mark Hospital,Primary,Private,7.337890625,5.107910156,Operational,,,,,,,,,
7,Abia,Aba North,Ariaria,78689244,01/01/1/1/2/0049,New Lead Hospital,Primary,Private,7.34401745,5.1183694,Operational,,,,,,,,,
8,Abia,Aba North,Ariaria,61180169,01/01/1/1/2/0054,Nnadozie Hospital/ Maternity,Secondary,Private,7.358399034,5.118716955,Operational,9,1,1,0,1,0,5,0,0
9,Abia,Aba North,Ariaria,73862809,01/01/1/1/1/0019,Powerline Health Post,Primary,Public,,,Operational,1,0,0,0,0,0,2,1,0
10,Abia,Aba North,Ariaria,78576911,01/01/1/1/1/0023,Ukwumango Health Post,Primary,Public,,,Operational,1,0,0,0,0,0,1,3,1
11,Abia,Aba North,Ariaria,71707167,01/01/1/1/1/0026,Umuneator Health Post,Primary,Public,,,Operational,,,,,,,,,
12,Abia,Aba North,Ariaria,42789169,01/01/1/1/1/0028,Umunneato Health Post,Primary,Public,7.36078,5.12162,Operational,1,0,0,0,0,0,4,3,0
13,Abia,Aba North,Asa-Okpulor,37712654,01/01/1/1/1/0006,Asa-Okpulor II Health Centre,Primary,Public,,,Operational,4,0,0,0,1,1,4,3,2
14,Abia,Aba North,Asa-Okpulor,45782504,01/01/1/1/1/0005,Asaokpulor1 PHC,Primary,Public,7.33015,5.07329,Operational,4,0,0,1,1,0,,3,1
15,Abia,Aba North,Asaokpuaja,14064567,01/01/1/1/1/0004,Asaokpuaja Health Post,Primary,Public,7.3741,5.0768,Operational,1,0,0,0,1,1,1,2,0
16,Abia,Aba North,Asaokpuaja,25705792,01/01/1/1/2/0007,Berma Hospital,Secondary,Private,7.348876953,5.107299805,Operational,20,3,3,5,10,0,0,0,7
17,Abia,Aba North,Eugene,24234577,01/01/1/1/2/0024,St Eugene Health Post,Primary,Private,,,Operational,2,0,0,0,0,0,2,1,1
18,Abia,Aba North,Eziama,85469631,01/01/1/1/1/0008,Eziama Primary Health Centre,Primary,Public,7.364501953,5.127929688,Operational,24,0,1,,3,0,3,5,3
19,Abia,Aba North,Industrial,66904818,01/01/1/1/2/0038,Industrial Health Post,Primary,Public,7.3702,5.1236,Operational,4,0,0,0,0,0,3,3,1
20,Abia,Aba North,Ogbor 1,77536737,01/01/1/2/2/0009,Gods Care Hospital,Secondary,Private,,,Operational,,,,,,,,,
21,Abia,Aba North,Ogbor 1,66479648,01/01/1/1/2/0037,Impact Hospital,Secondary,Private,7.38946,5.11821,Operational,10,2,2,1,2,,3,,
22,Abia,Aba North,Ogbor 1,37372783,01/01/1/1/2/0040,isaac okwuonu memorial hospital /maternity,Secondary,Private,7.392089844,5.11328125,Operational,10,,3,2,,,,,6
23,Abia,Aba North,Ogbor 1,29605722,01/01/1/1/2/0045,Living Word Hospital,Primary,Private,7.391296387,5.113708496,Operational,,,,,,,,,
24,Abia,Aba North,Ogbor 1,76956340,01/01/1/1/2/0052,Nissi Hospital,Secondary,Private,7.38187,5.12165,Operational,19,2,2,,,2,,,1
25,Abia,Aba North,Ogbor 1,70987597,01/01/1/1/2/0085,Zikora h Hospital,Secondary,Private,7.389892578,5.114318848,Operational,22,3,1,1,2,,,,10
26,Abia,Aba North,Ogbor 2,45827382,01/01/1/1/2/0009,Blessed heaven hospital,Secondary,Private,07.38119,05.12047,Operational,8,2,3,3,2,2,2,0,1
27,Abia,Aba North,Ogbor 2,42040526,01/01/1/1/2/0020,Ebenma Hospital,Secondary,Private,7.384094238,5.11730957,Operational,12,2,2,,4,,2,,3
28,Abia,Aba North,Ogbor 2,70718241,01/01/1/1/2/0022,Ellion Hospital clinic,Secondary,Private,7.38138,5.12081,Operational,9,1,,1,,,1,,
29,Abia,Aba North,Ogbor 2,69214892,01/01/1/1/2/0023,Emmanuel Hospital,Primary,Private,,,Operational,,,,,,,,,
30,Abia,Aba North,Ogbor 2,80918309,01/01/1/1/2/0032,Group Medical Practice/maternity,Secondary,Private,7.393676758,5.111694336,Operational,20,2,2,2,2,,,,4
31,Abia,Aba North,Ogbor 2,36926333,01/01/1/1/2/0057,Ogbor Hill Clinic,Primary,Public,7.387329102,5.113525391,Operational,4,0,0,0,1,0,2,3,0
32,Abia,Aba North,Ogbor 2,16779098,01/01/1/1/2/0064,Pepple'S Road Clinic,Primary,Public,7.36798,5.13511,Operational,1,0,0,0,0,0,1,0,2
33,Abia,Aba North,Ogbor 2,65557962,01/01/1/2/2/0025,Reagents specialist hospital /maternity,Secondary,Private,7.23483,5.06762,Operational,18,4,1,4,3,,4,,2
34,Abia,Aba North,Old GRA,38145837,01/01/1/1/2/0004,Angels of Mercy Hospital,Secondary,Private,7.354919433,5.124084473,Operational,20,3,4,1,2,0,3,0,8
35,Abia,Aba North,Old GRA,81463501,01/01/1/1/2/0006,Austin Graces Hospital,Secondary,Private,7.362670899,5.117126465,Operational,14,4,4,1,,,1,,2
36,Abia,Aba North,Old GRA,69230910,01/01/1/1/2/0016,chinwendu clinic and maternity,Secondary,Private,7.33960,5.12943,Operational,15,2,7,0,0,0,0,0,0
37,Abia,Aba North,Old GRA,85491400,01/01/1/1/2/0021,El-Asamen Hospital,Secondary,Private,7.358886719,5.120483398,Operational,13,1,,,1,,1,,3
38,Abia,Aba North,Old GRA,60524341,01/01/1/1/2/0027,Family Health Clinic,Primary,Private,7.35503712,5.12619172,Operational,,,,,,,,,
39,Abia,Aba North,Old GRA,72779055,01/01/1/2/2/0086,king well hospital and maternity,Secondary,Private,7.35807,5.12678,Operational,15,2,2,,1,0,4,0,0
40,Abia,Aba North,Old GRA,65477590,01/01/1/1/1/0009,OLD GRA HEALTH POST,Primary,Public,,,Operational,2,0,0,0,0,0,2,2,0
41,Abia,Aba North,Old GRA,75493094,01/01/1/1/2/0059,Olive Hospital and maternity,Secondary,Private,7.35882,5.12063,Operational,13,1,1,2,1,,5,,
42,Abia,Aba North,Old GRA,35748861,01/01/1/1/2/0069,Rosevine Hospital,Primary,Private,7.38188,5.12126,Operational,,,,,,,,,
43,Abia,Aba North,Osusu 1,77261518,01/01/1/1/2/0026,Evergreen Hospital,Primary,Private,7.353271484,5.120300293,Operational,,,,,,,,,
44,Abia,Aba North,Osusu 1,80081180,01/01/1/1/2/0050,Newlife Hospital,Primary,Private,7.349304199,5.117492676,Operational,,,,,,,,,
45,Abia,Aba North,Osusu 1,76198735,01/01/1/1/1/0017,Osusu 1 Primary Health Centre,Primary,Public,7.35785,5.11273,Operational,4,,,,,,4,,
46,Abia,Aba North,Osusu 1,30724229,01/01/1/1/2/0079,Tina Maternity,Primary,Private,,,Operational,,,,,,,,,
47,Abia,Aba North,Osusu 1,14511478,01/01/1/1/2/0081,Touch Health Hospital,Primary,Private,,,Operational,10,1,2,1,1,0,0,1,7
48,Abia,Aba North,Osusu 1,62805618,01/01/1/1/1/0032,Umuola Okpulor 2 Health Post,Primary,Public,,,Operational,,0,0,0,,,,,
49,Abia,Aba North,Osusu 2,29511576,01/01/1/1/1/0012,Osusu 11 Phc,Primary,Public,7.37785,5.11273,Operational,4,0,1,0,1,0,2,3,1
50,Abia,Aba North,Osusu 2,84632740,01/01/1/1/1/0018,Osusu Clinic,Primary,Public,7.335791624,5.112703443,Operational,2,0,0,0,1,0,3,3,0
51,Abia,Aba North,Osusu 2,85720267,01/01/1/1/2/0078,Theresa'S Hospital,Primary,Private,7.354919433,5.114685058,Operational,,,,,,,,,
52,Abia,Aba North,Umuogor,84391505,01/01/1/1/1/0010,OSOKE PHC,Primary,Public,7.36777,5.07824,Operational,15,0,0,0,0,0,3,4,1
53,Abia,Aba North,Umuogor,61736712,01/01/1/1/1/0029,Umuogor Health Phc,Primary,Public,7.33007375,5.079940109,Operational,10,0,0,0,1,1,2,4,1
54,Abia,Aba North,Umuola,47587317,01/01/1/1/2/0003,Alpha Inland Hospital,Secondary,Private,7.385681152,5.129272461,Operational,24,2,3,1,,3,1,,3
55,Abia,Aba North,Umuola,62411451,01/01/1/1/2/0042,Kahabiri Hospital,Secondary,Private,,,Operational,22,2,,,3,,3,,3
56,Abia,Aba North,Umuola,42707211,01/01/1/2/2/0087,orienz specialist hospital,Secondary,Private,,,Operational,15,2,2,2,3,,,,
57,Abia,Aba North,Umuola,44899462,01/01/1/1/2/0066,Pricess Mary Hospital,Secondary,Private,7.393750548,5.124102831,Operational,20,6,2,6,,,3,,6
58,Abia,Aba North,Umuola,82024819,01/01/1/1/2/0071,Seventh Day Adventist Hospital,Primary,Private,7.386108399,5.123474121,Operational,,,,,,,,,
59,Abia,Aba North,Umuola,61351306,01/01/1/1/1/0022,Ukwudara Health Post,Primary,Public,,,Operational,,0,0,0,0,0,2,2,1
60,Abia,Aba North,Umuola,73847531,01/01/1/1/1/0024,Ukwuodara Health Post,Primary,Public,,,Operational,,,,,,,,,
61,Abia,Aba North,Umuola,71692924,01/01/1/1/1/0031,Umuola Egbelu Health Primary Centre,Primary,Public,7.38171,5.12796,Operational,15,0,0,1,1,0,2,3,2
62,Abia,Aba North,Umuola,86302157,01/01/1/1/1/0033,Umuola Okpulo1! Health Post,Primary,Public,7.381714,5.124329,Operational,,0,0,0,0,0,1,2,1
63,Abia,Aba North,Unknown,76877011,01/01/1/1/2/0013,Chidinma Clinic,Primary,Private,,,Operational,,,,,,,,,
64,Abia,Aba North,Unknown,26706951,01/01/1/1/2/0014,Chinnedu Clinic & Maternity,Primary,Private,7.35815,5.12106,Operational,,,,,,,,,
65,Abia,Aba North,Unknown,66243577,01/01/1/2/2/0006,Eberechukwu Hospital,Secondary,Private,,,Operational,,,,,,,,,
66,Abia,Aba North,Unknown,49621696,01/01/1/1/2/0046,M & M Hospital/Maternity,Primary,Private,7.355282307,5.108132958,Operational,,,,,,,,,
67,Abia,Aba North,Unknown,37807246,01/01/1/2/2/0016,Mercy Hospital,Secondary,Private,,,Operational,,,,,,,,,
68,Abia,Aba North,Unknown,77868735,01/01/1/1/2/0048,Ndubuisi Hospital/Maternity,Primary,Private,7.35308,5.12142,Operational,,,,,,,,,
69,Abia,Aba North,Unknown,17407193,01/01/1/1/2/0051,Nigerian Breweries Plc Clinic,Primary,Private,,,Operational,,,,,,,,,
70,Abia,Aba North,Unknown,27008708,01/01/1/2/2/0018,Nnenna Hospital,Secondary,Private,,,Operational,,,,,,,,,
71,Abia,Aba North,Unknown,82069400,01/01/1/2/2/0019,Obioma Hospital,Secondary,Private,,,Operational,,,,,,,,,
72,Abia,Aba North,Unknown,79587067,01/01/1/2/2/0023,Presto Clinic,Secondary,Private,,,Operational,,,,,,,,,
73,Abia,Aba North,Unknown,30564960,01/01/1/1/2/0075,Standard Hospital,Primary,Private,7.337118387,5.12876451,Operational,,,,,,,,,
74,Abia,Aba North,Unknown,84232784,01/01/1/1/2/0082,Unilever Clinic,Primary,Private,,,Operational,,,,,,,,,
75,Abia,Aba North,Uratta,80281535,01/01/1/1/2/0043,Kelechi Hospital,Primary,Private,,,Operational,,,,,,,,,
76,Abia,Aba North,Uratta,53554149,01/01/1/1/1/0015,Ogbosisi Health Post,Primary,Public,,,Operational,1,0,0,0,0,0,2,2,0
77,Abia,Aba North,Uratta,83569010,01/01/1/1/1/0034,Uratta Primary Health Centre,Primary,Public,7.3341,5.1151,Operational,20,1,1,1,1,0,3,4,2
78,Abia,Aba South,Aba River,17872142,01/02/1/1/1/0030,Mother Of Mercy Clinic,Primary,Public,,,Operational,,,,,,,,,
79,Abia,Aba South,Aba River,85085979,01/02/1/2/2/0034,New Era Hospital,Secondary,Private,7.379272461,5.10772705,Operational,,,,,,,,,
80,Abia,Aba South,Aba River,73533987,01/02/1/1/1/0032,Ngwa Road End Health Clinic,Primary,Public,7.38445,5.09876,Operational,3,,,,1,,3,,
81,Abia,Aba South,Aba River,44982893,01/02/1/2/2/0057,St Anthony Hospital,Secondary,Private,7.37867,5.10131,Operational,,,,,,,,,
82,Abia,Aba South,Aba Town Hall,47266682,01/02/1/1/2/0014,Chees Hospital,Primary,Private,,,Operational,,,,,,,,,
83,Abia,Aba South,Aba Town Hall,51105570,01/02/1/1/2/0031,Ekeoma Hospital,Primary,Private,7.3765,5.11226,Operational,,,,,,,,,
84,Abia,Aba South,Aba Town Hall,54814938,01/02/1/1/1/0026,Maternal And Child Health Centre,Primary,Public,7.37362,5.1147,Operational,4,3,11,11,,2,17,,14
85,Abia,Aba South,Aba Town Hall,52507139,01/02/1/2/2/0032,Nazareth Hospital,Secondary,Private,7.37581,5.11095,Operational,,,,,,,,,
86,Abia,Aba South,Aba Town Hall,77620165,01/02/1/1/2/0082,Springs Clinic,Primary,Private,7.37603,5.11244,Operational,,,,,,,,,
87,Abia,Aba South,Asa,64945641,01/02/1/1/2/0001,Asa Clinic,Primary,Public,7.3515,5.0633,Operational,,,,,,,2,,2
88,Abia,Aba South,Ekeoha,17880030,01/02/1/1/1/0016,Ekeoha Clinic,Primary,Public,7.368,5.1072,Operational,2,,,,1,,3,,
89,Abia,Aba South,Ekeoha,26345263,01/02/1/1/1/0036,Obuda Ward Health Centre,Primary,Public,7.37411,5.11491,Operational,14,,0,,2,1,3,0,2
90,Abia,Aba South,Elu Ohazu,13258915,01/02/1/1/1/0010,"Eluohazu Ward Primary Health Centre,Asaeme",Primary,Public,7.38298,5.07834,Operational,8,,,,,1,2,,2
91,Abia,Aba South,Elu Ohazu,87423412,01/02/1/1/2/0073,Our Saviour Maternity Home,Primary,Private,7.48654,5.38762,Operational,,,,,,,,,
92,Abia,Aba South,Elu Ohazu,14429833,01/02/1/1/2/0083,St Jude Health Post,Primary,Public,7.336914063,5.076293945,Operational,2,,,,,,1,,
93,Abia,Aba South,Elu Ohazu,67040877,01/02/1/2/2/0063,"St. Joseph Catholic Hospital, Ohabia",Secondary,Private,7.33807373,5.072082519,Operational,,,,,,,,,
94,Abia,Aba South,Enyimba,55292662,01/02/1/1/1/0002,Aba Ukwu,Primary,Public,7.32586,5.06538,Operational,,,,,,,4,,
95,Abia,Aba South,Enyimba,85188925,01/02/1/1/2/0009,Amara Maternity,Primary,Private,,,Operational,,,,,,,,,
96,Abia,Aba South,Enyimba,82196274,01/02/1/1/2/0011,Bethel Hospital And Maternity,Primary,Private,,,Operational,,,,,,,,,
97,Abia,Aba South,Enyimba,31158757,01/02/1/1/2/0019,Chimdinma Greenlife Hospital,Secondary,Private,7.36380628,5.09619999,Operational,7,,,,,,,,
98,Abia,Aba South,Enyimba,52038165,01/02/1/1/2/0036,Faith Foundation Hospital,Primary,Private,7.3609,5.09694,Operational,,,,,,,,,
99,Abia,Aba South,Enyimba,54597189,01/02/1/1/2/0040,Harmony Hospital Aba,Primary,Private,,,Operational,,,,,,,,,
100,Abia,Aba South,Enyimba,13655077,01/02/1/1/2/0050,John Okorie Memorial Hospital,Primary,Private,7.352905273,5.089477539,Operational,,,,,,,,,
101,Abia,Aba South,Enyimba,42145422,01/02/1/1/2/0085,St Paul'S Health Post,Primary,Public,7.354492187,5.092285157,Operational,2,,,,,,3,,
102,Abia,Aba South,Enyimba,34857568,01/02/1/1/2/0095,Victory Christian Hospital,Primary,Private,7.3629,5.0955,Operational,,,,,,,,,
103,Abia,Aba South,Eziukwu 1,13499406,01/02/1/1/1/0018,Eziukwu Primary Health Centre,Primary,Public,7.37335,5.1009,Operational,5,,,,,,,,
104,Abia,Aba South,Eziukwu 1,66315922,01/02/1/2/2/0030,Mendel Hospital And Diagnostic Centre,Secondary,Private,7.362121582,5.10772705,Operational,,,,,,,,,
105,Abia,Aba South,Eziukwu 1,55523332,01/02/1/1/2/0067,Nwadike Memorial Hospital,Primary,Private,,,Operational,,,,,,,,,
106,Abia,Aba South,Eziukwu 1,15343155,01/02/1/1/1/0043,Okpjiaku Health Centre,Primary,Public,7.3462,5.0954,Operational,8,,2,,2,,3,,2
107,Abia,Aba South,Eziukwu 1,34442002,01/02/1/1/2/0087,St. James Health Post,Primary,Public,,,Operational,,,,,,,,,
108,Abia,Aba South,Eziukwu 2,61539232,01/02/1/1/1/0011,Asaokpuaja Health Centre,Primary,Public,7.37411,5.07681,Operational,1,,1,,1,,2,,
109,Abia,Aba South,Eziukwu 2,80546083,01/02/1/1/2/0022,Chosen Health Post,Primary,Public,,,Operational,1,,1,,1,,,,
110,Abia,Aba South,Eziukwu 2,81632222,01/02/1/1/2/0045,Ikechukwu Maternity,Primary,Private,7.3523,5.1085,Operational,,,,,,,,,
111,Abia,Aba South,Eziukwu 2,83227504,01/02/1/1/1/0009,Lady Anasthasia Hospital,Secondary,Private,,,Operational,,,,,,,,,
112,Abia,Aba South,Eziukwu 2,52348220,01/02/1/1/2/0070,Onyemaechi Maternity Home,Primary,Private,,,Operational,,,,,,,,,
113,Abia,Aba South,Glocester,85952324,01/02/1/1/1/0007,Amaogbonna Health Post,Primary,Public,7.3619,5.1113,Operational,,,,,,,1,,1
114,Abia,Aba South,Igwebuike,73898361,01/02/1/1/1/0008,Amaufuru Primary Health Centre,Primary,Public,,,Operational,13,,4,3,,1,3,,1
115,Abia,Aba South,Igwebuike,61741924,01/02/1/2/2/0008,Blessing Hospital,Secondary,Private,,,Operational,,,,,,,,,
116,Abia,Aba South,Igwebuike,43729599,01/02/1/1/2/0021,Chinwe Maternity Home,Primary,Private,7.366088868,5.096313476,Operational,,,,,,,,,
117,Abia,Aba South,Igwebuike,71271236,01/02/1/2/2/0031,Miracle Hospital,Secondary,Private,,,Operational,,,,,,,,,
118,Abia,Aba South,Igwebuike,18136474,01/02/1/1/1/0039,Ohazu 4 Primary Health Centre,Primary,Public,,,Operational,9,,,,3,,3,,
119,Abia,Aba South,Igwebuike,42629289,01/02/1/1/1/0042,Ohazu II Health post,Primary,Public,7.37595,5.09966,Operational,3,,,,,,2,,
120,Abia,Aba South,Igwebuike,85472164,01/02/1/1/1/0062,Umuosi Health Centre,Primary,Public,,,Operational,,,,,,,,,
121,Abia,Aba South,Iheorji,73726537,01/02/1/1/1/0006,Amankita Health post,Primary,Public,7.36889648470,5.076904297,Operational,1,,,,,,1,,
122,Abia,Aba South,Iheorji,44120151,01/02/1/1/1/0054,Iheorji health post,Primary,Public,7.380126953,5.075317383,Operational,1,,,,,,2,,1
123,Abia,Aba South,Iheorji,28281610,01/02/1/2/2/0048,Presbyterian Health Post,Secondary,Private,7.373901367,5.08227539,Operational,,,,,,,,,
124,Abia,Aba South,Mbawsi Umuomainta,20104039,01/02/1/1/2/0072,Our Ladys Maternity & Clinic,Primary,Private,,,Operational,,,,,,,,,
125,Abia,Aba South,Mosque,25369290,01/02/1/1/1/0001,Aba School Of Health Health Clinic,Primary,Public,,,Operational,,,,,,,,,
126,Abia,Aba South,Mosque,29883826,01/02/1/1/1/0014,College Of Health Centre,Primary,Public,7.37124866,5.10274635,Operational,7,2,2,,6,1,18,,
127,Abia,Aba South,Mosque,26493014,01/02/1/1/1/0020,Georges Health Post,Primary,Public,,,Operational,,,,,,,3,,
128,Abia,Aba South,Ngwa 1,38180166,01/02/1/1/2/0006,Agu Foundation Hosptial,Primary,Private,7.37517,5.09852,Operational,,,,,,,,,
129,Abia,Aba South,Ngwa 1,56976820,01/02/1/1/1/0027,Igwebuike Health Clinic,Primary,Public,7.37401,5.41111,Operational,1,,,,1,,1,,
130,Abia,Aba South,Ngwa 1,67510480,01/02/1/1/1/0031,Ndiegoro Health Post,Primary,Public,7.3682,5.0893,Operational,1,,,,,,2,,
131,Abia,Aba South,Ngwa 1,74740709,01/02/1/1/1/0041,Ohazu I Health Post,Primary,Public,7.37595,5.09966,Operational,2,,,,,,2,,1
132,Abia,Aba South,Ngwa 1,26243932,01/02/1/1/2/0080,Shammah Christian Hospital,Primary,Private,7.37633,5.09666,Operational,,,,,,,,,
133,Abia,Aba South,Ngwa 1,36757011,01/02/1/2/2/0061,St. Benard Hospital,Secondary,Private,,,Operational,,,,,,,,,
134,Abia,Aba South,Ngwa 2,29785431,01/02/1/1/2/0028,Divine Favour Maternity,Primary,Public,7.3312,5.0785,Operational,1,,,,,,1,,
135,Abia,Aba South,Ngwa 2,47254655,01/02/1/2/2/0043,Our Lady Of Sick Hospital,Secondary,Private,7.4321,5.1453,Operational,,,,,,,,,
136,Abia,Aba South,Ngwa 2,84503242,01/02/1/1/1/0024,ozuitem health post,Primary,Public,,,Operational,1,,,,,,1,,
137,Abia,Aba South,Ngwa 2,22762897,01/02/1/1/2/0084,St Luke Health Post,Primary,Public,,,Operational,2,,,,,,2,,
138,Abia,Aba South,Okporoenyi,56938021,01/02/1/1/1/0057,Umuebeke Primary Health Centre,Primary,Public,7.36345,5.10727,Operational,3,,2,2,1,,1,,2
139,Abia,Aba South,Okporoenyi,23401005,01/02/1/1/1/0061,Umuokennunu Primary Health Centre,Primary,Public,7.345,5.0537,Operational,2,,,,,,1,,
140,Abia,Aba South,Umuogele,79679764,01/02/1/1/1/0059,Umuogele Primary Health Centre,Primary,Public,7.377319336,5.079284668,Operational,5,,3,,2,,5,,
141,Abia,Aba South,Unknown,39694109,01/02/1/1/2/0003,Abundance Life Clinic,Primary,Private,,,Operational,,,,,,,,,
142,Abia,Aba South,Unknown,12628779,01/02/1/2/2/0001,Adc Hospital,Secondary,Private,,,Operational,,,,,,,,,
143,Abia,Aba South,Unknown,45717943,01/02/1/1/2/0004,Ado Hospital,Primary,Private,7.36078,5.09222,Operational,,,,,,,,,
144,Abia,Aba South,Unknown,44340214,01/02/1/2/2/0002,Adonis Christy Hospital,Secondary,Private,,,Operational,,,,,,,,,
145,Abia,Aba South,Unknown,26440645,01/02/1/3/2/0001,Afoma Specialist Hospital,Tertiary,Private,,,Operational,,,,,,,,,
146,Abia,Aba South,Unknown,17727237,01/02/1/2/2/0004,All Saints Hospital,Secondary,Private,,,Operational,,,,,,,,,
147,Abia,Aba South,Unknown,57547239,01/02/1/2/2/0006,Berma Hospital,Secondary,Private,,,Operational,,,,,,,,,
148,Abia,Aba South,Unknown,43676895,01/02/1/1/2/0013,Chazokam Maternity Home,Primary,Private,7.328941434,5.099422918,Operational,,,,,,,,,
149,Abia,Aba South,Unknown,17043089,01/02/1/1/2/0015,Chekwas Clinic,Primary,Private,,,Operational,,,,,,,,,
150,Abia,Aba South,Unknown,32163718,01/02/1/2/2/0010,Chief Ogumka Memorial Hospital,Secondary,Private,,,Operational,,,,,,,,,
151,Abia,Aba South,Unknown,48145766,01/02/1/1/2/0026,Clehanson Hospital,Primary,Private,,,Operational,,,,,,,,,
152,Abia,Aba South,Unknown,30827632,01/02/1/1/2/0027,Deensel Medical Clinic,Primary,Private,,,Operational,,,,,,,,,
153,Abia,Aba South,Unknown,14427988,01/02/1/1/2/0030,Divine Mercy Clinic,Primary,Private,,,Operational,,,,,,,,,
154,Abia,Aba South,Unknown,14637780,01/02/1/1/2/0033,Elshaddai Christian Hospital/Maternity,Primary,Private,,,Operational,,,,,,,,,
155,Abia,Aba South,Unknown,82086628,01/02/1/1/1/0017,Eluohazu Health Centre,Primary,Public,7.33485681,5.07380088,Operational,,,,,,,,,
156,Abia,Aba South,Unknown,25625830,01/02/1/1/2/0034,Emmanuel Medical Center,Primary,Private,,,Operational,,,,,,,,,
157,Abia,Aba South,Unknown,79067540,01/02/1/2/2/0013,Fazal Hospital,Secondary,Private,,,Operational,,,,,,,,,
158,Abia,Aba South,Unknown,62096153,01/02/1/2/2/0014,Frank Agu Memorial Hospital,Secondary,Private,,,Operational,,,,,,,,,
159,Abia,Aba South,Unknown,43252184,01/02/1/1/2/0038,Get Well Clinic,Primary,Private,,,Operational,,,,,,,,,
160,Abia,Aba South,Unknown,71605126,01/02/1/1/2/0039,Gods Care Hospital,Primary,Private,7.37854,5.10332,Operational,,,,,,,,,
161,Abia,Aba South,Unknown,27128248,01/02/1/2/2/0015,Good Shepherd Hospital,Secondary,Private,,,Operational,,,,,,,,,
162,Abia,Aba South,Unknown,65004204,01/02/1/1/2/0041,Harvey Clinic,Primary,Private,7.37615698,5.11300491,Operational,,,,,,,,,
163,Abia,Aba South,Unknown,41440346,01/02/1/1/2/0042,Health Gate Clinic And Maternity,Primary,Private,,,Operational,,,,,,,,,
164,Abia,Aba South,Unknown,85533064,01/02/1/2/2/0017,Helina Hospital,Secondary,Private,,,Operational,,,,,,,,,
165,Abia,Aba South,Unknown,84783416,01/02/1/1/2/0044,Ijeoma Hospital And Maternity,Primary,Private,,,Operational,,,,,,,,,
166,Abia,Aba South,Unknown,74830550,01/02/1/2/2/0018,Immaculate Heart Hospital,Secondary,Private,,,Operational,,,,,,,,,
167,Abia,Aba South,Unknown,76949547,01/02/1/2/2/0019,Inland Hospital,Secondary,Private,,,Operational,,,,,,,,,
168,Abia,Aba South,Unknown,33060189,01/02/1/1/2/0048,J.T. Hospital And Clinic,Primary,Private,,,Operational,,,,,,,,,
169,Abia,Aba South,Unknown,51520922,01/02/1/2/2/0020,Jim Dora Hospital,Secondary,Private,,,Operational,,,,,,,,,
170,Abia,Aba South,Unknown,57036103,01/02/1/2/2/0021,Jone Christ Hospital,Secondary,Private,,,Operational,,,,,,,,,
171,Abia,Aba South,Unknown,62412682,01/02/1/2/2/0022,Jonex Hospital,Secondary,Private,,,Operational,,,,,,,,,
172,Abia,Aba South,Unknown,31939144,01/02/1/1/2/0051,Kelechi Hospital And Maternity,Primary,Private,7.333129883,5.089294433,Operational,,,,,,,,,
173,Abia,Aba South,Unknown,12444594,01/02/1/2/2/0023,Life Care Hospital,Secondary,Private,,,Operational,,,,,,,,,
174,Abia,Aba South,Unknown,17002888,01/02/1/2/2/0024,Light Of God Hospital,Secondary,Private,,,Operational,,,,,,,,,
175,Abia,Aba South,Unknown,15055523,01/02/1/1/2/0056,Lords Golden Hospital And Maternity,Primary,Private,,,Operational,,,,,,,,,
176,Abia,Aba South,Unknown,56765448,01/02/1/1/2/0057,Macro Hospital,Primary,Private,7.355285645,5.108276367,Operational,,,,,,,,,
177,Abia,Aba South,Unknown,33618651,01/02/1/2/2/0025,Marc Rose Hospital,Secondary,Private,7.3781,5.0876,Operational,,,,,,,,,
178,Abia,Aba South,Unknown,60217055,01/02/1/2/2/0027,Martin Hospital,Secondary,Private,,,Operational,,,,,,,,,
179,Abia,Aba South,Unknown,81805236,01/02/1/2/2/0028,Mary'S Hospital,Secondary,Private,,,Operational,,,,,,,,,
180,Abia,Aba South,Unknown,36347286,01/02/1/2/2/0029,Mc Hospital,Secondary,Private,7.355285645,5.108276367,Operational,,,,,,,,,
181,Abia,Aba South,Unknown,12590439,01/02/1/1/2/0058,Melly Logo Hospital And Maternity,Primary,Private,,,Operational,,,,,,,,,
182,Abia,Aba South,Unknown,28209366,01/02/1/1/2/0059,Monac Hospital And Maternity,Primary,Private,,,Operational,,,,,,,,,
183,Abia,Aba South,Unknown,82755663,01/02/1/1/2/0060,Mont Zion Christain Maternity,Primary,Private,7.3488,5.0878,Operational,,,,,,,,,
184,Abia,Aba South,Unknown,21459820,01/02/1/1/2/0061,Morning Star Hospital And Maternity,Primary,Private,,,Operational,,,,,,,,,
185,Abia,Aba South,Unknown,15771758,01/02/1/2/2/0033,Ndukwe Memorial Hospital,Secondary,Private,,,Operational,,,,,,,,,
186,Abia,Aba South,Unknown,64301711,01/02/1/1/2/0063,New Generation Hospital And Maternity,Primary,Private,,,Operational,,,,,,,,,
187,Abia,Aba South,Unknown,44062684,01/02/1/1/2/0064,New Welfare Hospital And Maternity,Primary,Private,,,Operational,,,,,,,,,
188,Abia,Aba South,Unknown,28429576,01/02/1/2/2/0035,Ngozika Hospital,Secondary,Private,,,Operational,,,,,,,,,
189,Abia,Aba South,Unknown,31859662,01/02/1/2/2/0036,Nnamdi Hospital,Secondary,Private,,,Operational,,,,,,,,,
190,Abia,Aba South,Unknown,59308075,01/02/1/2/2/0039,Obioma Hospital,Secondary,Private,,,Operational,,,,,,,,,
191,Abia,Aba South,Unknown,47742727,01/02/1/2/2/0041,Ohaeri Memorial Hospital,Secondary,Private,,,Operational,,,,,,,,,
192,Abia,Aba South,Unknown,39906954,01/02/1/1/2/0068,Oleka Hospital And Maternity,Primary,Private,,,Operational,,,,,,,,,
193,Abia,Aba South,Unknown,65855657,01/02/1/2/2/0042,Onyebuchi Hospital,Secondary,Private,,,Operational,,,,,,,,,
194,Abia,Aba South,Unknown,52640322,01/02/1/1/2/0069,Onyedikachi Maternity Home,Primary,Private,,,Operational,,,,,,,,,
195,Abia,Aba South,Unknown,77426675,01/02/1/1/1/0044,Osoke Amato Primary Health Center,Primary,Public,7.334106445,5.065673828,Operational,,,,,,,,,
196,Abia,Aba South,Unknown,70993947,01/02/1/2/2/0044,Padora Hospital,Secondary,Private,,,Operational,,,,,,,,,
197,Abia,Aba South,Unknown,52452965,01/02/1/2/2/0045,Perpetual Hospital,Secondary,Private,,,Operational,,,,,,,,,
198,Abia,Aba South,Unknown,58941605,01/02/1/2/2/0046,Petra Hospital (Ngwa Ii),Secondary,Private,7.33001,5.06925,Operational,,,,,,,,,
199,Abia,Aba South,Unknown,57710277,01/02/1/2/2/0047,Phoenix Hospital,Secondary,Private,,,Operational,,,,,,,,,
200,Abia,Aba South,Unknown,74216751,01/02/1/1/2/0074,Plescher Clinic,Primary,Private,,,Operational,,,,,,,,,
201,Abia,Aba South,Unknown,80629040,01/02/1/1/1/0047,Primary Health Care,Primary,Public,7.3736254,5.11471185,Operational,,,,,,,,,
202,Abia,Aba South,Unknown,79721529,01/02/1/1/1/0048,Primary Health Care Centre Amaufuru,Primary,Public,7.30663,5.06274,Operational,,,,,,,,,
203,Abia,Aba South,Unknown,34740533,01/02/1/1/1/0050,Primary Health Centre Umuola Egbelu,Primary,Public,,,Operational,,,,,,,,,
204,Abia,Aba South,Unknown,48195817,01/02/1/2/2/0049,Progress Hospital,Secondary,Private,,,Operational,,,,,,,,,
205,Abia,Aba South,Unknown,64852986,01/02/1/2/2/0050,Ramas Hospital,Secondary,Private,,,Operational,,,,,,,,,
206,Abia,Aba South,Unknown,24103838,01/02/1/2/2/0051,Reachest Hospital And Maternity,Secondary,Private,,,Operational,,,,,,,,,
207,Abia,Aba South,Unknown,52367144,01/02/1/2/2/0052,Rhema Clinic Hospital,Secondary,Private,7.35537741,5.07509296,Operational,,,,,,,,,
208,Abia,Aba South,Unknown,29603067,01/02/1/1/2/0075,Rheum Clinic,Primary,Private,,,Operational,,,,,,,,,
209,Abia,Aba South,Unknown,52755446,01/02/1/2/2/0053,Romans Hospital,Secondary,Private,,,Operational,,,,,,,,,
210,Abia,Aba South,Unknown,13114959,01/02/1/1/2/0076,Sacramento Clinic,Primary,Private,,,Operational,,,,,,,,,
211,Abia,Aba South,Unknown,41222318,01/02/1/2/2/0054,Sacred Heart Hospital,Secondary,Private,,,Operational,,,,,,,,,
212,Abia,Aba South,Unknown,30255360,01/02/1/1/2/0077,Salvation Clinic,Primary,Private,,,Operational,,,,,,,,,
213,Abia,Aba South,Unknown,54125612,01/02/1/1/2/0078,Sam Memorial Hospital/Maternity,Primary,Private,,,Operational,,,,,,,,,
214,Abia,Aba South,Unknown,42693056,01/02/1/2/2/0055,Sancta Maria Hospital,Secondary,Private,7.377002835,5.113615394,Operational,,,,,,,,,
215,Abia,Aba South,Unknown,25443668,01/02/1/1/2/0079,Shabia Hospital,Primary,Private,7.37635,5.09663,Operational,,,,,,,,,
216,Abia,Aba South,Unknown,52268360,01/02/1/2/2/0056,Shalom Hospital,Secondary,Private,,,Operational,,,,,,,,,
217,Abia,Aba South,Unknown,52930279,01/02/1/1/2/0081,Slim Clinic,Primary,Private,,,Operational,,,,,,,,,
218,Abia,Aba South,Unknown,43872738,01/02/1/1/2/0086,St. Agnes Clinic And Maternity,Primary,Private,,,Operational,,,,,,,,,
219,Abia,Aba South,Unknown,36795714,01/02/1/2/2/0058,St. Andrew Hospital & Clinic,Secondary,Private,,,Operational,,,,,,,,,
220,Abia,Aba South,Unknown,72627855,01/02/1/2/2/0059,St. Anthony Hospital,Secondary,Private,7.37867,5.10131,Operational,,,,,,,,,
221,Abia,Aba South,Unknown,76973745,01/02/1/2/2/0060,St. Augustus Hopital,Secondary,Private,,,Operational,,,,,,,,,
222,Abia,Aba South,Unknown,56005364,01/02/1/2/2/0062,St. Frances Hospital,Secondary,Private,,,Operational,,,,,,,,,
223,Abia,Aba South,Unknown,46812018,01/02/1/2/2/0064,St. Partrick Hospital,Secondary,Private,,,Operational,,,,,,,,,
224,Abia,Aba South,Unknown,84917200,01/02/1/1/2/0088,Temple Clinic,Primary,Private,7.348769903,5.087952018,Operational,,,,,,,,,
225,Abia,Aba South,Unknown,18960073,01/02/1/2/2/0065,The Apostolic Church Hospital,Secondary,Private,,,Operational,,,,,,,,,
226,Abia,Aba South,Unknown,34439421,01/02/1/1/2/0089,The Nazareth Clinic,Primary,Private,,,Operational,,,,,,,,,
227,Abia,Aba South,Unknown,70989191,01/02/1/1/2/0090,The Presbyterian,Primary,Private,,,Operational,,,,,,,,,
228,Abia,Aba South,Unknown,77230417,01/02/1/2/2/0066,Tricoma Christain Hospital,Secondary,Private,,,Operational,,,,,,,,,
229,Abia,Aba South,Unknown,35704298,01/02/1/2/2/0067,Twin Hospital,Secondary,Private,,,Operational,,,,,,,,,
230,Abia,Aba South,Unknown,42493255,01/02/1/1/2/0091,Uchechi Hospital And Maternity,Primary,Private,,,Operational,,,,,,,,,
231,Abia,Aba South,Unknown,58133152,01/02/1/1/2/0092,Uchendu Clinic,Primary,Private,,,Operational,,,,,,,,,
232,Abia,Aba South,Unknown,65595109,01/02/1/2/2/0068,Ucheoma Hospital,Secondary,Private,,,Operational,,,,,,,,,
233,Abia,Aba South,Unknown,31187261,01/02/1/2/2/0069,Ududi Hospital,Secondary,Private,,,Operational,,,,,,,,,
234,Abia,Aba South,Unknown,39092246,01/02/1/1/2/0093,Ugo Unity And Maternity,Primary,Private,,,Operational,,,,,,,,,
235,Abia,Aba South,Unknown,79986344,01/02/1/1/2/0094,Ugochukwu Maternity Home And Clinic,Primary,Private,,,Operational,,,,,,,,,
236,Abia,Aba South,Unknown,20822613,01/02/1/2/2/0070,Ugonna. Hospital,Secondary,Private,,,Operational,,,,,,,,,
237,Abia,Aba South,Unknown,87331759,01/02/1/1/1/0056,Umuaku Health Center,Primary,Public,7.36083,5.07743,Operational,,,,,,,,,
238,Abia,Aba South,Unknown,13651154,01/02/1/1/1/0058,Umunkwulo Umuagbai Comprehensive Health Center,Primary,Public,7.352478028,5.078491211,Operational,,,,,,,,,
239,Abia,Aba South,Unknown,73067316,01/02/1/1/1/0060,Umuogorosoke Health Center,Primary,Public,7.330078125,5.080078125,Operational,,,,,,,,,
240,Abia,Aba South,Unknown,56460178,01/02/1/2/2/0071,Union Hospital,Secondary,Private,,,Operational,,,,,,,,,
241,Abia,Aba South,Unknown,52829383,01/02/1/1/1/0063,Uratta Primary Health Center,Primary,Public,7.326904297,5.086120605,Operational,,,,,,,,,
242,Abia,Aba South,Unknown,58760732,01/02/1/2/2/0072,Uwalaka Hospital,Secondary,Private,7.360473633,5.111083984,Operational,,,,,,,,,
243,Abia,Aba South,Unknown,64092998,01/02/1/2/2/0073,Uzoma Hospital,Secondary,Private,,,Operational,,,,,,,,,
244,Abia,Aba South,Unknown,31476444,01/02/1/2/2/0074,Wimpole Hospital,Secondary,Private,7.375,5.1103,Operational,,,,,,,,,
245,Abia,Aba South,Unknown,55069560,01/02/1/1/2/0097,Winners Family Clinic,Primary,Private,,,Operational,,,,,,,,,
246,Abia,Arochukwu,Arochukwu 1,30415725,01/03/1/2/2/0058,ARO USA,Secondary,Private,7.90031,5.38200,Operational,3,1,0,0,1,0,0,0,2
247,Abia,Arochukwu,Arochukwu 1,71428353,01/03/1/2/1/0001,Arochukwu General Hospital,Secondary,Public,7.91229248,5.388305664,Operational,104,3,1,1,3,0,0,0,4
248,Abia,Arochukwu,Arochukwu 1,82432201,01/03/1/1/1/0024,Health Office Clinic,Primary,Public,7.91326,5.38558,Operational,1,0,0,0,0,0,2,1,0
249,Abia,Arochukwu,Arochukwu 1,79312081,01/03/1/1/2/0002,Mikky Maternity,Primary,Private,,,Operational,3,0,1,0,1,0,0,0,2
250,Abia,Arochukwu,Arochukwu 1,22063166,01/03/1/1/1/0046,Ugwuakuma Health Centre,Primary,Public,7.91192627,5.412292481,Operational,2,0,0,0,0,0,1,0,0
251,Abia,Arochukwu,Arochukwu 1,80610610,01/03/1/1/1/0053,Utughaugwu Health Centre,Primary,Public,7.88921,5.45759,Operational,,,,,,,,,
252,Abia,Arochukwu,Arochukwu 2,61467140,01/03/1/2/2/0006,St Anthony'S Hospital (Arochukwu),Secondary,Private,7.88647461,5.393127441,Operational,15,1,1,1,0,0,0,0,8
253,Abia,Arochukwu,Arochukwu 2,80747883,01/03/1/1/1/0047,Ugwuavo Health Centre,Primary,Public,7.893127442,5.398071289,Operational,5,0,0,0,0,0,1,0,1
254,Abia,Arochukwu,Arochukwu 3,82708117,01/03/1/1/1/0015,Amuvi Model health centre,Primary,Public,7.8725,5.41402,Operational,15,0,0,0,0,1,3,1,2
255,Abia,Arochukwu,Arochukwu 3,65796216,01/03/1/1/1/0016,Asaga Health Centre,Primary,Public,7.881896972,5.398681641,Operational,2,0,0,0,0,0,1,0,2
256,Abia,Arochukwu,Arochukwu 3,51358956,01/03/1/1/1/0020,Atani Basic Health centre,Primary,Public,,,Operational,4,0,0,0,1,0,2,0,2
257,Abia,Arochukwu,Arochukwu 3,79521498,01/03/1/2/2/0057,God Blessed,Secondary,Private,7.90446,5.39943,Operational,13,1,1,1,1,0,0,0,4
258,Abia,Arochukwu,Arochukwu 3,44547607,01/03/1/2/1/0003,Obinkita Health Centre,Secondary,Public,7.888671875,5.387878418,Operational,4,0,0,0,0,0,1,1,2
259,Abia,Arochukwu,Arochukwu 4,17996206,01/03/1/1/1/0010,Amannagwu Health Centre,Primary,Public,7.899475098,5.379699707,Operational,2,0,0,0,0,0,1,0,1
260,Abia,Arochukwu,Arochukwu 4,16253228,01/03/1/1/1/0025,Ibom Health Centre,Primary,Public,7.89573,5.38189,Operational,2,0,0,0,0,0,1,2,0
261,Abia,Arochukwu,Ebemoha,34330029,01/03/1/1/1/0035,Ndiagwu Health Centre,Primary,Public,7.74818086,5.53192353,Operational,4,0,0,0,0,0,1,0,2
262,Abia,Arochukwu,Eleoha Ihe 1,19307930,01/03/1/1/1/0004,Aduanu Health Centre,Primary,Public,7.8947,5.3836,Operational,8,0,0,1,0,0,1,1,3
263,Abia,Arochukwu,Eleoha Ihe 1,38484338,01/03/1/1/1/0009,Amamiri Health Centre,Primary,Public,7.883117676,5.497314453,Operational,7,0,0,0,0,0,2,0,1
264,Abia,Arochukwu,Eleoha Ihe 2,49688229,01/03/1/1/1/0003,Achara Health Centre,Primary,Public,7.8739,5.4123,Operational,5,0,0,0,0,0,1,1,2
265,Abia,Arochukwu,Eleoha Ihe 2,22909752,01/03/1/1/1/0007,Amafia/Amaetiti Health Centre,Primary,Public,7.8978,5.4934,Operational,2,0,0,0,0,0,2,0,0
266,Abia,Arochukwu,Eleoha Ihe 3,76037333,01/03/1/1/1/0042,Okpo Health Centre,Primary,Public,7.913696289,5.477111817,Operational,3,0,0,0,1,0,0,0,1
267,Abia,Arochukwu,Eleoha Ututu,32650247,01/03/1/1/1/0023,Eleoha Health Centre,Primary,Public,7.916320801,5.434692383,Operational,5,0,0,0,0,0,1,1,3
268,Abia,Arochukwu,Eleoha Ututu,15267057,01/03/1/1/1/0038,Nkpakpi Health Centre,Primary,Public,7.91841,5.43484,Operational,5,0,0,0,0,0,1,0,2
269,Abia,Arochukwu,Etiti Abam,75191149,01/03/1/1/1/0019,Atani Abam Health Centre,Primary,Public,7.77154,5.50333,Operational,5,0,0,0,0,0,1,0,2
270,Abia,Arochukwu,Etiti Abam,65824945,01/03/1/1/1/0033,Ndi Okorie Health Centre,Primary,Public,7.773131,5.548532,Operational,3,0,0,0,0,0,1,0,2
271,Abia,Arochukwu,Ikwun 1,64485054,01/03/1/1/1/0018,Atan Ihe Health Centre,Primary,Public,7.877319336,5.457092285,Operational,4,0,0,0,0,0,1,1,2
272,Abia,Arochukwu,Ikwun 1,31331307,01/03/1/2/2/0002,Mercy Catholic Hospital,Secondary,Private,7.885681152,5.481506348,Operational,14,1,1,1,2,0,0,0,4
273,Abia,Arochukwu,Ikwun 1,52221941,01/03/1/1/1/0034,Ndi Okpo Health Centre,Primary,Public,7.878723,5.471924,Operational,4,0,0,0,0,0,2,0,1
274,Abia,Arochukwu,Ikwun 1,34894426,01/03/1/1/1/0039,Obichie Health Centre,Primary,Public,7.880676269,5.461304,Operational,3,0,0,0,0,0,2,0,1
275,Abia,Arochukwu,Ikwun 1,67316196,01/03/1/1/1/0045,Uburu Health Centre,Primary,Public,7.88137,5.44219,Operational,,,,,,,,,
276,Abia,Arochukwu,Ikwun 1,65005086,01/03/1/1/1/0051,Umuye Health Centre,Primary,Public,7.890319824,5.472290039,Operational,2,0,0,0,0,0,1,0,1
277,Abia,Arochukwu,Ikwun 2,51200679,01/03/1/1/1/0052,Umuzomgbo Health Centre,Primary,Public,7.88912,5.45777,Operational,5,0,0,0,0,0,1,1,1
278,Abia,Arochukwu,Isu,52789227,01/03/1/1/1/0028,Isu Health Centre,Primary,Public,7.95607,5.41588,Operational,3,0,0,0,0,0,1,,2
279,Abia,Arochukwu,Isu,27099949,01/03/1/1/1/0040,Obieze Health Centre,Primary,Public,7.950500488,5.419677734,Operational,3,0,0,0,0,0,1,0,1
280,Abia,Arochukwu,Ohaeke,62818971,01/03/1/1/1/0026,Idima Abam Health Centre,Primary,Public,7.703312791,5.542945786,Operational,5,0,0,0,0,0,1,0,2
281,Abia,Arochukwu,Ohafor 1,67772446,01/03/1/1/1/0013,Amuru Abam Health Centre,Primary,Public,7.74657,5.61622,Operational,6,0,0,0,0,0,1,,1
282,Abia,Arochukwu,Ohafor 1,13030539,01/03/1/1/1/0031,Ndi Ememe Health Centre,Primary,Public,7.73842866,5.56695424,Operational,5,0,0,0,0,0,1,0,2
283,Abia,Arochukwu,Ohafor 1,74438381,01/03/1/1/1/0043,Ozu Abam Health Centre,Primary,Public,7.747680664,5.596130371,Operational,6,0,0,0,1,0,0,1,1
284,Abia,Arochukwu,Ohafor 1,34460006,01/03/1/2/2/0009,The Light Hospital,Secondary,Private,7.74078,5.59414,Operational,6,1,0,1,0,0,1,0,4
285,Abia,Arochukwu,Ohafor 2,81194771,01/03/1/1/1/0012,Ameke Abam Health Centre,Primary,Public,7.676086426,5.594299316,Operational,,,,,,,,,
286,Abia,Arochukwu,Ohafor 2,76865125,01/03/1/1/1/0030,Ndi Ebe Abam Health Facility,Primary,Public,7.71796,5.61625,Operational,3,0,0,0,0,0,0,0,0
287,Abia,Arochukwu,Ovukwu,65180364,01/03/1/1/1/0032,Ndi Okereke Abam Health Post,Primary,Public,7.79702,5.48233,Operational,4,0,0,0,0,0,1,0,2
288,Abia,Arochukwu,Ovukwu,79993826,01/03/1/1/1/0036,Ndi-Oji Health Centre,Primary,Public,7.78599,5.5082,Operational,6,0,1,0,0,0,0,0,3
289,Abia,Arochukwu,Unknown,87196432,01/03/1/1/1/0001,Abia Health Post,Primary,Public,7.891113281,5.534729004,Operational,,,,,,,,,
290,Abia,Arochukwu,Unknown,27679189,01/03/1/1/1/0017,Asasa Health Centre,Primary,Public,7.8819,5.3987,Operational,,,,,,,,,
291,Abia,Arochukwu,Unknown,14149258,01/03/1/1/1/0022,College Of Education Technical Clinic,Primary,Public,,,Operational,,,,,,,,,
292,Abia,Arochukwu,Unknown,49238746,01/03/1/2/1/0002,General Hospital Arochukwu,Secondary,Public,,,Operational,,,,,,,,,
293,Abia,Arochukwu,Ututu,61789514,01/03/1/1/1/0002,Abuma Health Centre,Primary,Public,7.9143,5.4256,Operational,3,0,0,0,0,0,2,0,1
294,Abia,Arochukwu,Ututu,48684695,01/03/1/1/1/0008,Amakofia Health Centre,Primary,Public,7.900695801,5.4266,Operational,4,0,0,0,0,0,1,0,1
295,Abia,Arochukwu,Ututu,18405757,01/03/1/2/1/0055,Cottage Hospital,Secondary,Public,7.9159,5.4215,Operational,9,1,1,1,2,0,0,0,3
296,Abia,Arochukwu,Ututu,21507868,01/03/1/1/1/0056,Obiene Health Centre,Primary,Public,7.9218,5.4107,Operational,4,0,0,0,0,0,1,0,1
297,Abia,Arochukwu,Ututu,21351915,01/03/1/1/2/0006,Uche Chukwu,Primary,Private,7.909484863,5.442687988,Operational,8,1,1,1,0,0,0,0,7
298,Abia,Arochukwu,Ututu,77467816,01/03/1/1/1/0048,Ukwuakwu Health Centre,Primary,Public,7.909301758,5.431091309,Operational,6,0,0,0,1,0,0,1,1
299,Abia,Bende,Alayi A,45358188,01/04/1/1/1/0002,Agboakoli Alayi Health Centre,Primary,Public,7.5952,5.7409,Operational,5,0,0,0,0,0,0,0,1
300,Abia,Bende,Alayi A,38917964,01/04/1/1/1/0006,Alayi Primary Health Center,Primary,Public,7.5948,5.7258,Operational,7,0,,0,1,1,1,2,0
301,Abia,Bende,Alayi A,80867139,01/04/1/1/1/0054,Umuenyere Alayi Primary Health Care Care,Primary,Public,7.61845,5.72986,Operational,9,,,,,,1,,1
302,Abia,Bende,Alayi B,59974401,01/04/1/1/1/0011,Amankalu Alayi Primary Health Centre,Primary,Public,7.6064,5.7088,Operational,4,,1,,,,1,1,
303,Abia,Bende,Alayi B,13341646,01/04/1/1/2/0003,Ezinne Model Maternity Home,Primary,Private,7.6013644,5.72156813,Operational,4,,1,2,1,,,,4
304,Abia,Bende,Alayi B,65407658,01/04/1/1/1/0028,Isiaku Primary Health Care,Primary,Public,7.60323515,5.69546549,Operational,7,,,,,,1,1,1
305,Abia,Bende,Bende,41107901,01/04/1/1/1/0001,Agbamuzu  Health Centre,Primary,Public,7.62348,5.55758,Operational,4,0,0,0,0,0,1,1,1
306,Abia,Bende,Bende,50158284,01/04/1/1/1/0021,Bende Maternity,Primary,Public,7.63633,5.56001,Operational,,,,,,,,,
307,Abia,Bende,Bende,48775663,01/04/1/1/1/0022,Bende Ovu Primary Health Care,Primary,Public,7.63450563,5.555514693,Operational,3,,,,,,1,1,
308,Abia,Bende,Bende,83206039,01/04/1/1/1/0025,EtitiUlo Health Post,Primary,Public,7.6445831,5.5375329,Operational,3,,,,,,1,1,
309,Abia,Bende,Bende,15457546,01/04/1/1/2/0008,Okoroenyi Primary Health Care,Primary,Public,7.60157,5.50824,Operational,5,,,,,,,,1
310,Abia,Bende,Bende,49891725,01/04/1/1/1/0050,Standard Primary Health Care,Primary,Public,7.63777479,5.55836749,Operational,2,,,,,,,1,
311,Abia,Bende,Igbere 1,29606773,01/04/1/1/1/0027,Igbere Primary Health Centre,Primary,Public,7.65624055,5.70991838,Operational,12,,,,1,,2,1,
312,Abia,Bende,Igbere 1,30661652,01/04/1/1/1/0040,Okafia Ultra Modern Health Care,Primary,Public,7.6448334,5.69316078,Operational,10,,,,,,1,1,
313,Abia,Bende,Igbere 2,53077811,01/04/1/1/1/0010,Amaiyi Igbere Primary Health Centre,Primary,Public,7.6459,5.6817,Operational,4,,,,1,,1,1,1
314,Abia,Bende,Igbere 2,49247576,01/04/1/1/1/0017,Amaukwu Igbere Primary Health Care,Primary,Public,7.669494629,5.703308105,Operational,5,,,,,,1,1,
315,Abia,Bende,Igbere 3,15382674,01/04/1/1/1/0012,Amankalu Igbere Primary Health Care,Primary,Public,7.665,5.7078,Operational,3,,,,,,1,,1
316,Abia,Bende,Igbere 3,14615840,01/04/1/1/1/0057,Umuisi Primary Health Centre,Primary,Public,7.5511877,5.70131415,Operational,7,,,,,,3,1,1
317,Abia,Bende,Item 1,30094483,01/04/1/1/1/0009,Amaekpu Health Centre,Primary,Public,7.7149,5.7855,Operational,10,,,,,,,,
318,Abia,Bende,Item 1,13424830,01/04/1/1/2/0002,Chijioke Osogho Methodist Memorial Hospital,Primary,Private,7.7022,5.7609,Operational,20,5,,2,6,,10,,21
319,Abia,Bende,Item 1,57624198,01/04/1/2/1/0001,Umunnato General Hospital,Secondary,Public,7.630493164,5.726074219,Operational,35,3,2,5,13,,,,7
320,Abia,Bende,Item 1,57778248,01/04/1/1/1/0058,Umunnato Primary Health Centre,Primary,Public,7.69589357,5.75879806,Operational,,,,,,,,,
321,Abia,Bende,Item 2,32999007,01/04/1/1/1/0041,Okagwe Primary Health Care,Primary,Public,,,Operational,4,,,,,,1,,1
322,Abia,Bende,Item 2,57888420,01/04/1/1/1/0044,Okoko Primary Health Center,Primary,Public,7.632185,5.73690418,Operational,10,,,,,,1,,
323,Abia,Bende,Item 3,78005554,01/04/1/1/1/0004,Akanu Model Primary Health Centre,Primary,Public,7.6831,5.7929,Operational,8,,,,,,2,1,1
324,Abia,Bende,Item 3,74845590,01/04/1/1/1/0042,Okai Item  Primary Health Centre,Primary,Public,7.6753,5.8193,Operational,3,,,,,,1,,1
325,Abia,Bende,Item 4,26094077,01/04/1/1/1/0014,Amaokwe Item Primary Health Care,Primary,Public,7.6655,5.7545,Operational,7,,,,,,2,,
326,Abia,Bende,Item 4,29225419,01/04/1/1/1/0013,Amaokwe Item Primary Health Center,Primary,Public,7.6684,5.7534,Operational,7,,,,1,,1,1,1
327,Abia,Bende,Itumbauzo 1,18592082,01/04/1/1/1/0035,Ndiwo Primary Health Centre,Primary,Public,7.68548,5.50068,Operational,9,,,,,,1,,2
328,Abia,Bende,Itumbauzo 1,44278991,01/04/1/1/1/0039,Ntubi Health Post,Primary,Public,7.638362646,5.502857569,Operational,4,,,,,,,1,
329,Abia,Bende,Itumbauzo 1,22541358,01/04/1/1/1/0045,Okopedi Health Post,Primary,Public,7.685000156,5.48446537,Operational,2,,,,,,,,2
330,Abia,Bende,Itumbauzo 1,76521138,01/04/1/1/2/0010,St. Nicholas Catholic Hospital,Secondary,Private,,,Operational,16,7,4,2,5,,,,23
331,Abia,Bende,Itumbauzo 1,76814532,01/04/1/1/1/0052,Ubibia Primary Health Care,Primary,Public,7.639961243,5.512368679,Operational,8,,,,,,,,
332,Abia,Bende,Itumbauzo 2,36969587,01/04/1/1/1/0038,Ntalakwu Primary Health Centre,Primary,Public,7.68497216,5.44737652,Operational,3,,,,,,1,,1
333,Abia,Bende,Nkpa 1,74281812,01/04/1/1/1/0047,Okpuhu Nkpa Primary Health Centre,Primary,Public,7.50867,5.66363,Operational,9,,,,,,2,1,1
334,Abia,Bende,Nkpa 2,76406188,01/04/1/1/1/0008,Amaegbuato Primary Health Centre,Primary,Public,7.47914499,5.6641,Operational,5,,,,,,1,,
335,Abia,Bende,Nkpa 2,25691278,01/04/1/1/1/0053,Ugwunkpa Primary Health Care,Primary,Public,7.46223929,5.6285103,Operational,4,,,,,,1,,1
336,Abia,Bende,Ozuitem,47139613,01/04/1/1/1/0029,Isiegbu Ozuitem Primary Health Centre,Primary,Public,7.6071,5.6479,Operational,8,,,,,,1,1,2
337,Abia,Bende,Ozuitem,16462213,01/04/1/1/1/0033,Mba Ozuitem Primary Health Care,Primary,Public,7.6136,5.6132,Operational,8,,,,,,,1,2
338,Abia,Bende,Ozuitem,14090041,01/04/1/1/1/0059,Umuobasiukwu Primary Health Centre,Primary,Public,7.60535675,5.60172354,Operational,4,,,,,,1,,1
339,Abia,Bende,Ugwueke,46013895,01/04/1/1/1/0007,Amaba Ugwueke Primary Health Centre,Primary,Public,7.6243,5.8221,Operational,3,,,,,,2,,
340,Abia,Bende,Ugwueke,26793712,01/04/1/1/1/0026,Ezeukwu Pimary Health Care,Primary,Public,7.566152215,5.808650851,Operational,5,,,,,,,,
341,Abia,Bende,Ugwueke,78528961,01/04/1/1/1/0034,Ndielu Primary Health Care,Primary,Public,7.60971,5.79088,Operational,8,,,,,,1,,
342,Abia,Bende,Ugwueke,77021455,01/04/1/2/2/0003,Royal Cross Methodist Hospital,Secondary,Private,7.61416,5.80294,Operational,,12,10,,15,,,,25
343,Abia,Bende,Umuhu,44295959,01/04/1/1/1/0055,Umuhu Ezechi Primary Health Care Centre,Primary,Public,7.67514,5.64052,Operational,5,,,,1,,1,,1
344,Abia,Bende,Umuhu,52173650,01/04/1/1/1/0060,Umuokwe Primary Health Care,Primary,Public,7.6796,5.6476,Operational,5,,,,,,1,,1
345,Abia,Bende,Umuimenyi,13958672,01/04/1/1/1/0005,Akoli Primary Health Centre,Primary,Public,7.555,5.6662,Operational,10,,,,1,,1,,
346,Abia,Bende,Umuimenyi,52838820,01/04/1/1/1/0016,Amaorji Imenyi Primary Health Care,Primary,Public,7.527526855,5.682495117,Operational,7,,,,,,1,,
347,Abia,Bende,Umuimenyi,43502369,01/04/1/1/1/0019,Amoji Lodu Primary Health Care,Primary,Public,7.5293,5.6241,Operational,3,,,,,,1,,1
348,Abia,Bende,Umuimenyi,62439703,01/04/1/1/1/0031,Lodu Imenyi Primary Health CARE,Primary,Public,7.5379,5.6379,Operational,3,,,,,,1,,
349,Abia,Bende,Umuimenyi,71799241,01/04/1/1/1/0032,Lohum Primary Health Care,Primary,Public,7.55371,5.6493,Operational,5,,,,,,1,,
350,Abia,Bende,Unknown,61442894,01/04/1/1/1/0043,Okai Health Centre,Primary,Public,7.67457894,5.81787377,Operational,,,,,,,,,
351,Abia,Bende,Unknown,31299750,01/04/1/1/1/0046,Okporoenyi Health Centre,Primary,Public,7.6562405,5.70991838,Operational,,,,,,,,,
352,Abia,Bende,Unknown,85011402,01/04/1/1/1/0051,Tb & Leprosy Referal Centre,Primary,Public,7.53896688,5.65509265,Operational,,,,,,,,,
353,Abia,Bende,Uzuakoli 1,21032965,01/04/1/1/1/0036,Ngwu Primary Health Centre,Primary,Public,7.55499,5.66632,Operational,4,,,,1,,2,,
354,Abia,Bende,Uzuakoli 1,58285763,01/04/1/1/1/0037,Nkechi Colwill Methodist Hospital,Primary,Public,7.5403,5.65445,Operational,,,,,,,,,
355,Abia,Bende,Uzuakoli 2,31523236,01/04/1/1/2/0001,Achama  Hospital,Secondary,Private,7.5604,5.6311,Operational,10,2,,,5,,,,3
356,Abia,Bende,Uzuakoli 2,13087702,01/04/1/1/2/0004,Ijeoma Maternity,Primary,Private,7.56031,5.62928,Operational,10,,1,,4,,,,4
357,Abia,Bende,Uzuakoli 2,23680288,01/04/1/1/2/0011,Tochi Hospital,Secondary,Private,7.56117,5.63261,Operational,15,5,9,4,5,,,,25
358,Abia,Bende,Uzuakoli 2,15586001,01/04/1/1/1/0062,Uzuakoli Primary Health Centre,Primary,Public,7.5619,5.6251,Operational,20,,,,1,,1,,2
359,Abia,Ikwuano,Agbaluozu,68268326,01/05/1/1/1/0038,umugbalu health centre,Primary,Public,7.5621,5.4522,Operational,,0,1,1,2,,1,0,0
360,Abia,Ikwuano,Ajatanigu,12865735,01/05/1/1/1/0011,Aro-Ajatakiri Health Centre,Primary,Public,7.520874023,5.395507813,Operational,,,,,,,,,
361,Abia,Ikwuano,Ajatanigu,32359427,01/05/1/1/1/0013,umuigu health centre,Primary,Public,7.5464,5.4087,Operational,,0,0,0,0,1,0,0,1
362,Abia,Ikwuano,Ajatanigu,67930944,01/05/1/1/1/0034,Umuigu Health Centre,Primary,Public,,,Operational,,,,,,,,,
363,Abia,Ikwuano,Ariam 1,55738907,01/05/1/1/1/0008,Ariam Ala-Ala Health Centre,Primary,Public,7.61649836,5.352231847,Operational,,,,,,,,,
364,Abia,Ikwuano,Ariam 1,80785947,01/05/1/1/1/0010,Ariam Primary Health Centre,Primary,Public,7.62004,5.33866,Operational,,,,,,,,,
365,Abia,Ikwuano,Azuiyi,49113942,01/05/1/1/1/0041,Azuiyi health centre,Primary,Public,7.51780,5.36714,Operational,,0,0,0,0,0,1,0,1
366,Abia,Ikwuano,Ekpiri,25336132,01/05/1/1/2/0002,Ekpiri Health Centre,Primary,Private,,,Operational,,,,,,,,,
367,Abia,Ikwuano,Ibere 1,31893587,01/05/1/1/1/0002,Ahia Orie primary heailth centre,Primary,Public,7.60657,5.43775,Operational,,0,0,0,0,0,1,0,1
368,Abia,Ikwuano,Ibere 1,76166423,01/05/1/1/1/0014,Iberenta Health Centre,Primary,Public,7.606323242,5.447875977,Operational,,0,0,0,0,0,1,0,1
369,Abia,Ikwuano,Ibere 1,15036557,01/05/1/1/1/0015,Ihim Health Centre,Primary,Public,7.5712,5.4693,Operational,,0,0,0,0,0,1,0,1
370,Abia,Ikwuano,Ibere 2,50037983,01/05/1/1/1/0019,Itu-Nta Health Centre,Primary,Public,7.6374,5.4491,Operational,,0,0,0,0,0,1,0,2
371,Abia,Ikwuano,Ibere 2,85594575,01/05/1/1/2/0004,Iyalu Health Centre,Primary,Public,7.5985,5.4476,Operational,,0,0,0,0,0,0,0,1
372,Abia,Ikwuano,Ibere 2,76532839,01/05/1/1/1/0022,Ngwugwo Health Centre,Primary,Public,7.5865,5.4408,Operational,,0,0,1,1,0,0,0,1
373,Abia,Ikwuano,Ibere 2,76967818,01/05/1/1/1/0023,Nkalunta Health Centre,Primary,Public,7.56338,5.46894,Operational,,,,,,,,,
374,Abia,Ikwuano,Ibere 2,85127220,01/05/1/1/1/0027,Obuohia Ibere Health Centre,Primary,Public,7.584289551,5.33392334,Operational,,,,,,,,,
375,Abia,Ikwuano,Ikemba,45545924,01/05/1/1/1/0016,Ikemba Health Centre,Primary,Public,7.6462,5.3411,Operational,,0,1,1,1,0,1,0,1
376,Abia,Ikwuano,Oboro 1,48618847,01/05/1/1/1/0006,Amawom Outreach Unit,Primary,Public,7.55871582,5.463928222,Operational,,,,,,,,,
377,Abia,Ikwuano,Oboro 1,68239988,01/05/1/1/1/0030,Oloko Health Centre,Primary,Public,7.5243,5.3731,Operational,,0,0,0,0,0,1,0,1
378,Abia,Ikwuano,Oboro 2,17296960,01/05/1/1/1/0004,Amaba Health Centre,Primary,Public,7.54058,5.45465,Operational,,,,,,,,,
379,Abia,Ikwuano,Oboro 2,68442061,01/05/1/1/1/0005,Amabaime Outreach Unit,Primary,Public,,,Operational,,,,,,,,,
